{
  "app": "dotnet run --project app/Bookstore.Cdk/Bookstore.Cdk.csproj",
  "watch": {
    "include": [
      "**"
    ],
    "exclude": [
      "README.md",
      "CODE_OF_CONDUCT.md",
      "CONTRIBUTING.md",
      "LICENSE",
      "cdk*.json",
      "app/*/obj",
      "app/*/bin",
      "app/*.sln",
      "app/*/GlobalSuppressions.cs",
      "app/*/*.csproj",
      "media"
    ]
  },
  "context": {
    "@aws-cdk/aws-apigateway:usagePlanKeyOrderInsensitiveId": true,
    "@aws-cdk/core:stackRelativeExports": true,
    "@aws-cdk/aws-rds:lowercaseDbIdentifier": true,
    "@aws-cdk/aws-lambda:recognizeVersionProps": true,
    "@aws-cdk/aws-cloudfront:defaultSecurityPolicyTLSv1.2_2021": true,
    "@aws-cdk-containers/ecs-service-extensions:enableDefaultLogDriver": true,
    "@aws-cdk/aws-ec2:uniqueImdsv2TemplateName": true,
    "@aws-cdk/aws-iam:minimizePolicies": true,
    "@aws-cdk/core:target-partitions": [
      "aws",
      "aws-cn"
    ]
  }
}
